,k,B,Q
0,0.001227184630308513,-521509.8168572231,-8785.547323870696
1,0.0012297643796647952,-523349.21865770046,-10682.05080030939
2,0.0012323495520899276,-523349.21865770046,-10682.05080030939
3,0.0012349401589841161,-523349.21865770046,-10682.05080030939
4,0.0012375362117715326,-523349.21865770046,-10682.05080030939
5,0.0012401377219003645,-523349.21865770046,-10682.05080030939
6,0.001242744700842865,-523349.21865770046,-10682.05080030939
7,0.001245357160095404,-523349.21865770046,-10682.05080030939
8,0.001247975111178519,-523349.21865770046,-10682.05080030939
9,0.0012505985656369653,-523349.21865770046,-10682.05080030939
10,0.0012532275350397677,-523349.21865770046,-10682.05080030939
11,0.00125586203098027,-523349.21865770046,-10682.05080030939
12,0.0012585020650761882,-523349.21865770046,-10682.05080030939
13,0.0012611476489696606,-523349.21865770046,-10682.05080030939
14,0.0012637987943272986,-523349.21865770046,-10682.05080030939
15,0.0012664555128402391,-523349.21865770046,-10682.05080030939
16,0.0012691178162241962,-523349.21865770046,-10682.05080030939
17,0.0012717857162195118,-523349.21865770046,-10682.05080030939
18,0.0012744592245912082,-523349.21865770046,-10682.05080030939
19,0.0012771383531290398,-523349.21865770046,-10682.05080030939
20,0.0012798231136475452,-523349.21865770046,-10682.05080030939
21,0.0012825135179860986,-523349.21865770046,-10682.05080030939
22,0.0012852095780089632,-523349.21865770046,-10682.05080030939
23,0.0012879113056053426,-523349.21865770046,-10682.05080030939
24,0.0012906187126894334,-523349.21865770046,-10682.05080030939
25,0.0012933318112004783,-523349.21865770046,-10682.05080030939
26,0.0012960506131028176,-523349.21865770046,-10682.05080030939
27,0.0012987751303859436,-523349.21865770046,-10682.05080030939
28,0.0013015053750645516,-523349.21865770046,-10682.05080030939
29,0.0013042413591785942,-523349.21865770046,-10682.05080030939
30,0.0013069830947933343,-523349.21865770046,-10682.05080030939
31,0.0013097305939993975,-523349.21865770046,-10682.05080030939
32,0.0013124838689128262,-523349.21865770046,-10682.05080030939
33,0.001315242931675133,-523349.21865770046,-10682.05080030939
34,0.0013180077944533537,-523349.21865770046,-10682.05080030939
35,0.0013207784694401013,-523349.21865770046,-10682.05080030939
36,0.0013235549688536195,-523349.21865770046,-10682.05080030939
37,0.0013263373049378375,-523349.21865770046,-10682.05080030939
38,0.0013291254899624226,-523349.21865770046,-10682.05080030939
39,0.0013319195362228354,-523349.21865770046,-10682.05080030939
40,0.0013347194560403837,-523349.21865770046,-10682.05080030939
41,0.0013375252617622763,-523349.21865770046,-10682.05080030939
42,0.0013403369657616784,-523349.21865770046,-10682.05080030939
43,0.0013431545804377656,-523349.21865770046,-10682.05080030939
44,0.0013459781182157782,-523349.21865770046,-10682.05080030939
45,0.0013488075915470772,-523349.21865770046,-10682.05080030939
46,0.0013516430129091978,-523349.21865770046,-10682.05080030939
47,0.0013544843948059056,-523349.21865770046,-10682.05080030939
48,0.001357331749767251,-523349.21865770046,-10682.05080030939
49,0.0013601850903496246,-523349.21865770046,-10682.05080030939
50,0.0013630444291358125,-523349.21865770046,-10682.05080030939
51,0.0013659097787350526,-523349.21865770046,-10682.05080030939
52,0.0013687811517830888,-523349.21865770046,-10682.05080030939
53,0.001371658560942228,-523349.21865770046,-10682.05080030939
54,0.0013745420189013949,-523349.21865770046,-10682.05080030939
55,0.001377431538376189,-523349.21865770046,-10682.05080030939
56,0.00138032713210894,-523349.21865770046,-10682.05080030939
57,0.0013832288128687639,-523349.21865770046,-10682.05080030939
58,0.0013861365934516197,-523349.21865770046,-10682.05080030939
59,0.0013890504866803655,-523349.21865770046,-10682.05080030939
60,0.0013919705054048154,-523349.21865770046,-10682.05080030939
61,0.001394896662501796,-523349.21865770046,-10682.05080030939
62,0.001397828970875203,-523349.21865770046,-10682.05080030939
63,0.0014007674434560584,-523349.21865770046,-10682.05080030939
64,0.0014037120932025673,-523349.21865770046,-10682.05080030939
65,0.0014066629331001754,-523349.21865770046,-10682.05080030939
66,0.0014096199761616257,-523349.21865770046,-10682.05080030939
67,0.001412583235427016,-523349.21865770046,-10682.05080030939
68,0.001415552723963857,-523349.21865770046,-10682.05080030939
69,0.0014185284548671297,-523349.21865770046,-10682.05080030939
70,0.0014215104412593422,-523349.21865770046,-10682.05080030939
71,0.001424498696290589,-523349.21865770046,-10682.05080030939
72,0.001427493233138608,-523349.21865770046,-10682.05080030939
73,0.0014304940650088388,-523349.21865770046,-10682.05080030939
74,0.0014335012051344817,-523349.21865770046,-10682.05080030939
75,0.0014365146667765548,-523349.21865770046,-10682.05080030939
76,0.0014395344632239532,-523349.21865770046,-10682.05080030939
77,0.0014425606077935079,-523349.21865770046,-10682.05080030939
78,0.0014455931138300435,-523349.21865770046,-10682.05080030939
79,0.001448631994706438,-523349.21865770046,-10682.05080030939
80,0.0014516772638236818,-523349.21865770046,-10682.05080030939
81,0.0014547289346109357,-523349.21865770046,-10682.05080030939
82,0.0014577870205255915,-523349.21865770046,-10682.05080030939
83,0.0014608515350533304,-523349.21865770046,-10682.05080030939
84,0.001463922491708183,-523349.21865770046,-10682.05080030939
85,0.0014669999040325882,-523349.21865770046,-10682.05080030939
86,0.001470083785597454,-523349.21865770046,-10682.05080030939
87,0.0014731741500022162,-523349.21865770046,-10682.05080030939
88,0.0014762710108748994,-523349.21865770046,-10682.05080030939
89,0.0014793743818721766,-523349.21865770046,-10682.05080030939
90,0.0014824842766794286,-523349.21865770046,-10682.05080030939
91,0.0014856007090108061,-523349.21865770046,-10682.05080030939
92,0.0014887236926092893,-523349.21865770046,-10682.05080030939
93,0.0014918532412467476,-523349.21865770046,-10682.05080030939
94,0.0014949893687240018,-523349.21865770046,-10682.05080030939
95,0.0014981320888708847,-523349.21865770046,-10682.05080030939
96,0.0015012814155463009,-523349.21865770046,-10682.05080030939
97,0.0015044373626382892,-523349.21865770046,-10682.05080030939
98,0.0015075999440640835,-523349.21865770046,-10682.05080030939
99,0.0015107691737701737,-523349.21865770046,-10682.05080030939
100,0.0015139450657323684,-523349.21865770046,-10682.05080030939
101,0.0015171276339558547,-335876.60303214955,-11149.755065152112
102,0.0015203168924752615,-335876.60303214955,-11149.755065152112
103,0.0015235128553547207,-335876.60303214955,-11149.755065152112
104,0.0015267155366879297,-335876.60303214955,-11149.755065152112
105,0.0015299249505982128,-335876.60303214955,-11149.755065152112
106,0.001533141111238584,-335876.60303214955,-11149.755065152112
107,0.0015363640327918095,-335876.60303214955,-11149.755065152112
108,0.00153959372947047,-335876.60303214955,-11149.755065152112
109,0.0015428302155170237,-335876.60303214955,-11149.755065152112
110,0.0015460735052038681,-335876.60303214955,-11149.755065152112
111,0.0015493236128334047,-335876.60303214955,-11149.755065152112
112,0.0015525805527381,-335876.60303214955,-11149.755065152112
113,0.001555844339280551,-335876.60303214955,-11149.755065152112
114,0.0015591149868535458,-335876.60303214955,-11149.755065152112
115,0.00156239250988013,-335876.60303214955,-11149.755065152112
116,0.0015656769228136681,-335876.60303214955,-11149.755065152112
117,0.001568968240137908,-335876.60303214955,-11149.755065152112
118,0.0015722664763670453,-335876.60303214955,-11149.755065152112
119,0.0015755716460457865,-335876.60303214955,-11149.755065152112
120,0.0015788837637494139,-335876.60303214955,-11149.755065152112
121,0.0015822028440838488,-335876.60303214955,-11149.755065152112
122,0.0015855289016857175,-335876.60303214955,-11149.755065152112
123,0.0015888619512224146,-335876.60303214955,-11149.755065152112
124,0.0015922020073921679,-335876.60303214955,-11149.755065152112
125,0.0015955490849241033,-335876.60303214955,-11149.755065152112
126,0.0015989031985783103,-335876.60303214955,-11149.755065152112
127,0.0016022643631459059,-335876.60303214955,-11149.755065152112
128,0.0016056325934491011,-335876.60303214955,-11149.755065152112
129,0.0016090079043412655,-335876.60303214955,-11149.755065152112
130,0.001612390310706993,-335876.60303214955,-11149.755065152112
131,0.001615779827462167,-335876.60303214955,-11149.755065152112
132,0.0016191764695540278,-335876.60303214955,-11149.755065152112
133,0.001622580251961236,-335876.60303214955,-11149.755065152112
134,0.0016259911896939403,-335876.60303214955,-11149.755065152112
135,0.0016294092977938437,-335876.60303214955,-11149.755065152112
136,0.001632834591334269,-335876.60303214955,-11149.755065152112
137,0.0016362670854202256,-335876.60303214955,-11149.755065152112
138,0.0016397067951884766,-335876.60303214955,-11149.755065152112
139,0.0016431537358076046,-335876.60303214955,-11149.755065152112
140,0.0016466079224780794,-335876.60303214955,-11149.755065152112
141,0.001650069370432325,-335876.60303214955,-11149.755065152112
142,0.0016535380949347861,-335876.60303214955,-11149.755065152112
143,0.001657014111281996,-335876.60303214955,-11149.755065152112
144,0.001660497434802644,-335876.60303214955,-11149.755065152112
145,0.0016639880808576426,-335876.60303214955,-11149.755065152112
146,0.001667486064840196,-335876.60303214955,-11149.755065152112
147,0.001670991402175867,-335876.60303214955,-11149.755065152112
148,0.0016745041083226458,-335876.60303214955,-11149.755065152112
149,0.0016780241987710183,-335876.60303214955,-11149.755065152112
150,0.001681551689044033,-335876.60303214955,-11149.755065152112
151,0.0016850865946973713,-335876.60303214955,-11149.755065152112
152,0.0016886289313194154,-335876.60303214955,-11149.755065152112
153,0.0016921787145313162,-335876.60303214955,-11149.755065152112
154,0.0016957359599870632,-335876.60303214955,-11149.755065152112
155,0.0016993006833735537,-335876.60303214955,-11149.755065152112
156,0.0017028729004106606,-335876.60303214955,-11149.755065152112
157,0.0017064526268513035,-335876.60303214955,-11149.755065152112
158,0.0017100398784815167,-335876.60303214955,-11149.755065152112
159,0.0017136346711205195,-335876.60303214955,-11149.755065152112
160,0.0017172370206207865,-335876.60303214955,-11149.755065152112
161,0.0017208469428681159,-335876.60303214955,-11149.755065152112
162,0.0017244644537817014,-335876.60303214955,-11149.755065152112
163,0.0017280895693142007,-335876.60303214955,-11149.755065152112
164,0.0017317223054518075,-335876.60303214955,-11149.755065152112
165,0.0017353626782143207,-335876.60303214955,-11149.755065152112
166,0.0017390107036552155,-335876.60303214955,-11149.755065152112
167,0.0017426663978617146,-335876.60303214955,-11149.755065152112
168,0.0017463297769548583,-335876.60303214955,-11149.755065152112
169,0.0017500008570895762,-335876.60303214955,-11149.755065152112
170,0.0017536796544547586,-335876.60303214955,-11149.755065152112
171,0.001757366185273327,-335876.60303214955,-11149.755065152112
172,0.001761060465802307,-335876.60303214955,-11149.755065152112
173,0.0017647625123328983,-335876.60303214955,-11149.755065152112
174,0.0017684723411905481,-335876.60303214955,-11149.755065152112
175,0.0017721899687350223,-335876.60303214955,-11149.755065152112
176,0.0017759154113604777,-335876.60303214955,-11149.755065152112
177,0.0017796486854955345,-230509.62497453974,-10726.073612293681
178,0.0017833898076033484,-230509.62497453974,-10726.073612293681
179,0.0017871387941816837,-230509.62497453974,-10726.073612293681
180,0.0017908956617629858,-230509.62497453974,-10726.073612293681
181,0.0017946604269144539,-230509.62497453974,-10726.073612293681
182,0.0017984331062381143,-230509.62497453974,-10726.073612293681
183,0.0018022137163708938,-230509.62497453974,-10726.073612293681
184,0.0018060022739846923,-230509.62497453974,-10726.073612293681
185,0.0018097987957864574,-230509.62497453974,-10726.073612293681
186,0.0018136032985182572,-230509.62497453974,-10726.073612293681
187,0.0018174157989573549,-230509.62497453974,-10726.073612293681
188,0.0018212363139162814,-230509.62497453974,-10726.073612293681
189,0.0018250648602429113,-230509.62497453974,-10726.073612293681
190,0.001828901454820536,-230509.62497453974,-10726.073612293681
191,0.0018327461145679384,-230509.62497453974,-10726.073612293681
192,0.0018365988564394674,-230509.62497453974,-10726.073612293681
193,0.0018404596974251131,-230509.62497453974,-10726.073612293681
194,0.0018443286545505812,-230509.62497453974,-10726.073612293681
195,0.001848205744877368,-230509.62497453974,-10726.073612293681
196,0.001852090985502837,-230509.62497453974,-10726.073612293681
197,0.001855984393560292,-230509.62497453974,-10726.073612293681
198,0.0018598859862190547,-230509.62497453974,-10726.073612293681
199,0.0018637957806845393,-230509.62497453974,-10726.073612293681
200,0.0018677137941983289,-230509.62497453974,-10726.073612293681
201,0.001871640044038251,-230509.62497453974,-10726.073612293681
202,0.0018755745475184543,-230509.62497453974,-10726.073612293681
203,0.0018795173219894846,-230509.62497453974,-10726.073612293681
204,0.0018834683848383616,-230509.62497453974,-10726.073612293681
205,0.0018874277534886553,-230509.62497453974,-10726.073612293681
206,0.0018913954454005631,-230509.62497453974,-10726.073612293681
207,0.0018953714780709867,-230509.62497453974,-10726.073612293681
208,0.001899355869033609,-230509.62497453974,-10726.073612293681
209,0.0019033486358589725,-230509.62497453974,-10726.073612293681
210,0.0019073497961545544,-230509.62497453974,-10726.073612293681
211,0.0019113593675648473,-230509.62497453974,-10726.073612293681
212,0.0019153773677714348,-230509.62497453974,-10726.073612293681
213,0.0019194038144930703,-230509.62497453974,-10726.073612293681
214,0.0019234387254857548,-230509.62497453974,-10726.073612293681
215,0.0019274821185428156,-230509.62497453974,-10726.073612293681
216,0.0019315340114949848,-230509.62497453974,-10726.073612293681
217,0.0019355944222104774,-230509.62497453974,-10726.073612293681
218,0.0019396633685950706,-230509.62497453974,-10726.073612293681
219,0.0019437408685921823,-230509.62497453974,-10726.073612293681
220,0.0019478269401829507,-230509.62497453974,-10726.073612293681
221,0.0019519216013863135,-230509.62497453974,-10726.073612293681
222,0.001956024870259087,-230509.62497453974,-10726.073612293681
223,0.0019601367648960457,-230509.62497453974,-10726.073612293681
224,0.001964257303430004,-230509.62497453974,-10726.073612293681
225,0.0019683865040318912,-230509.62497453974,-10726.073612293681
226,0.001972524384910839,-230509.62497453974,-10726.073612293681
227,0.001976670964314255,-230509.62497453974,-10726.073612293681
228,0.0019808262605279067,-230509.62497453974,-10726.073612293681
229,0.001984990291876002,-230509.62497453974,-10726.073612293681
230,0.0019891630767212677,-230509.62497453974,-10726.073612293681
231,0.0019933446334650345,-230509.62497453974,-10726.073612293681
232,0.0019975349805473135,-230509.62497453974,-10726.073612293681
233,0.002001734136446882,-230509.62497453974,-10726.073612293681
234,0.0020059421196813604,-230509.62497453974,-10726.073612293681
235,0.0020101589488072985,-230509.62497453974,-10726.073612293681
236,0.0020143846424202543,-230509.62497453974,-10726.073612293681
237,0.002018619219154876,-230509.62497453974,-10726.073612293681
238,0.0020228626976849856,-230509.62497453974,-10726.073612293681
239,0.002027115096723661,-230509.62497453974,-10726.073612293681
240,0.0020313764350233183,-230509.62497453974,-10726.073612293681
241,0.0020356467313757927,-230509.62497453974,-10726.073612293681
242,0.0020399260046124255,-230509.62497453974,-10726.073612293681
243,0.0020442142736041423,-230509.62497453974,-10726.073612293681
244,0.00204851155726154,-230509.62497453974,-10726.073612293681
245,0.0020528178745349685,-230509.62497453974,-10726.073612293681
246,0.002057133244414614,-230509.62497453974,-10726.073612293681
247,0.002061457685930584,-230509.62497453974,-10726.073612293681
248,0.0020657912181529904,-230509.62497453974,-10726.073612293681
249,0.002070133860192033,-230509.62497453974,-10726.073612293681
250,0.0020744856311980856,-230509.62497453974,-10726.073612293681
251,0.002078846550361778,-230509.62497453974,-10726.073612293681
252,0.002083216636914083,-230509.62497453974,-10726.073612293681
253,0.0020875959101263994,-230509.62497453974,-10726.073612293681
254,0.0020919843893106387,-230509.62497453974,-10726.073612293681
255,0.0020963820938193086,-230509.62497453974,-10726.073612293681
256,0.0021007890430455984,-230509.62497453974,-10726.073612293681
257,0.002105205256423467,-230509.62497453974,-10726.073612293681
258,0.0021096307534277246,-230509.62497453974,-10726.073612293681
259,0.0021140655535741228,-230509.62497453974,-10726.073612293681
260,0.002118509676419437,-230509.62497453974,-10726.073612293681
261,0.002122963141561555,-230509.62497453974,-10726.073612293681
262,0.0021274259686395627,-230509.62497453974,-10726.073612293681
263,0.00213189817733383,-230509.62497453974,-10726.073612293681
264,0.0021363797873660997,-230509.62497453974,-10726.073612293681
265,0.002140870818499571,-230509.62497453974,-10726.073612293681
266,0.002145371290538991,-230509.62497453974,-10726.073612293681
267,0.0021498812233307373,-230509.62497453974,-10726.073612293681
268,0.0021544006367629097,-230509.62497453974,-10726.073612293681
269,0.002158929550765416,-230509.62497453974,-10726.073612293681
270,0.002163467985310059,-230509.62497453974,-10726.073612293681
271,0.002168015960410626,-230509.62497453974,-10726.073612293681
272,0.002172573496122978,-230509.62497453974,-10726.073612293681
273,0.0021771406125451367,-230509.62497453974,-10726.073612293681
274,0.002181717329817369,-230509.62497453974,-10726.073612293681
275,0.002186303668122282,-230509.62497453974,-10726.073612293681
276,0.0021908996476849166,-230509.62497453974,-10726.073612293681
277,0.0021955052887728224,-230509.62497453974,-10726.073612293681
278,0.002200120611696157,-230509.62497453974,-10726.073612293681
279,0.0022047456368077746,-230509.62497453974,-10726.073612293681
280,0.002209380384503313,-230509.62497453974,-10726.073612293681
281,0.0022140248752212854,-230509.62497453974,-10726.073612293681
282,0.0022186791294431705,-230509.62497453974,-10726.073612293681
283,0.002223343167693503,-230509.62497453974,-10726.073612293681
284,0.002228017010539963,-230509.62497453974,-10726.073612293681
285,0.0022327006785934677,-230509.62497453974,-10726.073612293681
286,0.0022373941925082613,-230509.62497453974,-10726.073612293681
287,0.002242097572982007,-230509.62497453974,-10726.073612293681
288,0.0022468108407558787,-191526.30795727533,-10052.396148393449
289,0.002251534016614653,-191526.30795727533,-10052.396148393449
290,0.002256267121386793,-191526.30795727533,-10052.396148393449
291,0.002261010175944555,-191526.30795727533,-10052.396148393449
292,0.0022657632012040674,-191526.30795727533,-10052.396148393449
293,0.0022705262181254298,-191526.30795727533,-10052.396148393449
294,0.002275299247712803,-191526.30795727533,-10052.396148393449
295,0.0022800823110145025,-191526.30795727533,-10052.396148393449
296,0.0022848754291230895,-191526.30795727533,-10052.396148393449
297,0.002289678623175467,-191526.30795727533,-10052.396148393449
298,0.00229449191435297,-191526.30795727533,-10052.396148393449
299,0.0022993153238814613,-191526.30795727533,-10052.396148393449
300,0.0023041488730314234,-191526.30795727533,-10052.396148393449
301,0.0023089925831180536,-191526.30795727533,-10052.396148393449
302,0.002313846475501356,-191526.30795727533,-10052.396148393449
303,0.0023187105715862387,-191526.30795727533,-10052.396148393449
304,0.002323584892822606,-191526.30795727533,-10052.396148393449
305,0.002328469460705452,-191526.30795727533,-10052.396148393449
306,0.0023333642967749593,-191526.30795727533,-10052.396148393449
307,0.00233826942261659,-191526.30795727533,-10052.396148393449
308,0.0023431848598611834,-191526.30795727533,-10052.396148393449
309,0.00234811063018505,-191526.30795727533,-10052.396148393449
310,0.0023530467553100672,-191526.30795727533,-10052.396148393449
311,0.002357993257003776,-191526.30795727533,-10052.396148393449
312,0.0023629501570794765,-191526.30795727533,-10052.396148393449
313,0.0023679174773963236,-191526.30795727533,-10052.396148393449
314,0.0023728952398594243,-191526.30795727533,-10052.396148393449
315,0.002377883466419934,-191526.30795727533,-10052.396148393449
316,0.002382882179075152,-191526.30795727533,-10052.396148393449
317,0.002387891399868621,-191526.30795727533,-10052.396148393449
318,0.0023929111508902224,-191526.30795727533,-10052.396148393449
319,0.0023979414542762735,-191526.30795727533,-10052.396148393449
320,0.002402982332209627,-191526.30795727533,-10052.396148393449
321,0.002408033806919768,-191526.30795727533,-10052.396148393449
322,0.00241309590068291,-191526.30795727533,-10052.396148393449
323,0.0024181686358220964,-191526.30795727533,-10052.396148393449
324,0.002423252034707297,-191526.30795727533,-10052.396148393449
325,0.0024283461197555064,-191526.30795727533,-10052.396148393449
326,0.0024334509134308446,-191526.30795727533,-10052.396148393449
327,0.002438566438244654,-191526.30795727533,-10052.396148393449
328,0.002443692716755601,-191526.30795727533,-10052.396148393449
329,0.002448829771569772,-191526.30795727533,-10052.396148393449
330,0.0024539776253407774,-191526.30795727533,-10052.396148393449
331,0.0024591363007698476,-24867.51987106447,-2546.1299204943016
332,0.002464305820605936,-24867.51987106447,-2546.1299204943016
333,0.002469486207645818,-24867.51987106447,-2546.1299204943016
334,0.0024746774847341905,-24867.51987106447,-2546.1299204943016
335,0.002479879674763775,-24867.51987106447,-2546.1299204943016
336,0.002485092800675418,-24867.51987106447,-2546.1299204943016
337,0.0024903168854581888,-24867.51987106447,-2546.1299204943016
338,0.002495551952149487,-24867.51987106447,-2546.1299204943016
339,0.002500798023835138,-24867.51987106447,-2546.1299204943016
340,0.0025060551236494996,-24867.51987106447,-2546.1299204943016
341,0.00251132327477556,-24867.51987106447,-2546.1299204943016
342,0.0025166025004450436,-24867.51987106447,-2546.1299204943016
343,0.0025218928239385107,-24867.51987106447,-2546.1299204943016
344,0.002527194268585462,-24867.51987106447,-2546.1299204943016
345,0.0025325068577644397,-24867.51987106447,-2546.1299204943016
346,0.0025378306149031332,-24867.51987106447,-2546.1299204943016
347,0.002543165563478479,-24867.51987106447,-2546.1299204943016
348,0.0025485117270167687,-24867.51987106447,-2546.1299204943016
349,0.002553869129093747,-24867.51987106447,-2546.1299204943016
350,0.0025592377933347206,-24867.51987106447,-2546.1299204943016
351,0.0025646177434146614,-24867.51987106447,-2546.1299204943016
352,0.0025700090030583078,-24867.51987106447,-2546.1299204943016
353,0.0025754115960402732,-24867.51987106447,-2546.1299204943016
354,0.002580825546185149,-24867.51987106447,-2546.1299204943016
355,0.00258625087736761,-24867.51987106447,-2546.1299204943016
356,0.0025916876135125186,-24867.51987106447,-2546.1299204943016
357,0.002597135778595033,-24867.51987106447,-2546.1299204943016
358,0.00260259539664071,-24867.51987106447,-2546.1299204943016
359,0.002608066491725612,-24867.51987106447,-2546.1299204943016
360,0.0026135490879764145,-24867.51987106447,-2546.1299204943016
361,0.002619043209570511,-24867.51987106447,-2546.1299204943016
362,0.002624548880736118,-24867.51987106447,-2546.1299204943016
363,0.0026300661257523876,-24867.51987106447,-2546.1299204943016
364,0.0026355949689495072,-24867.51987106447,-2546.1299204943016
365,0.002641135434708812,-24867.51987106447,-2546.1299204943016
366,0.0026466875474628914,-24867.51987106447,-2546.1299204943016
367,0.002652251331695695,-24867.51987106447,-2546.1299204943016
368,0.002657826811942642,-14146.971112039611,-1644.2807106677697
369,0.0026634140127907296,-14146.971112039611,-1644.2807106677697
370,0.0026690129588786415,-14146.971112039611,-1644.2807106677697
371,0.0026746236748968555,-14146.971112039611,-1644.2807106677697
372,0.0026802461855877525,-14146.971112039611,-1644.2807106677697
373,0.0026858805157457264,-14146.971112039611,-1644.2807106677697
374,0.0026915266902172936,-14146.971112039611,-1644.2807106677697
375,0.0026971847339012016,-14146.971112039611,-1644.2807106677697
376,0.0027028546717485394,-14146.971112039611,-1644.2807106677697
377,0.0027085365287628474,-14146.971112039611,-1644.2807106677697
378,0.0027142303300002274,-14146.971112039611,-1644.2807106677697
379,0.002719936100569454,-14146.971112039611,-1644.2807106677697
380,0.002725653865632084,-14146.971112039611,-1644.2807106677697
381,0.002731383650402568,-14146.971112039611,-1644.2807106677697
382,0.002737125480148363,-14146.971112039611,-1644.2807106677697
383,0.00274287938019004,-14146.971112039611,-1644.2807106677697
384,0.0027486453759014012,-14146.971112039611,-1644.2807106677697
385,0.0027544234927095856,-14146.971112039611,-1644.2807106677697
386,0.0027602137560951865,-14146.971112039611,-1644.2807106677697
387,0.002766016191592362,-14146.971112039611,-1644.2807106677697
388,0.0027718308247889445,-14146.971112039611,-1644.2807106677697
389,0.00277765768132656,-14146.971112039611,-1644.2807106677697
390,0.0027834967869007346,-14146.971112039611,-1644.2807106677697
391,0.002789348167261013,-14146.971112039611,-1644.2807106677697
392,0.002795211848211068,-14146.971112039611,-1644.2807106677697
393,0.0028010878556088167,-14146.971112039611,-1644.2807106677697
394,0.0028069762153665346,-14146.971112039611,-1644.2807106677697
395,0.002812876953450968,-14146.971112039611,-1644.2807106677697
396,0.002818790095883451,-14146.971112039611,-1644.2807106677697
397,0.0028247156687400176,-14146.971112039611,-1644.2807106677697
398,0.0028306536981515186,-14146.971112039611,-1644.2807106677697
399,0.0028366042103037366,-14146.971112039611,-1644.2807106677697
400,0.002842567231437501,-14146.971112039611,-1644.2807106677697
401,0.002848542787848803,-10790.699318817371,-1348.9617467507699
402,0.0028545309058889135,-10790.699318817371,-1348.9617467507699
403,0.002860531611964498,-10790.699318817371,-1348.9617467507699
404,0.002866544932537733,-10790.699318817371,-1348.9617467507699
405,0.0028725708941264236,-10790.699318817371,-1348.9617467507699
406,0.002878609523304118,-10790.699318817371,-1348.9617467507699
407,0.002884660846700229,-10790.699318817371,-1348.9617467507699
408,0.002890724891000147,-10790.699318817371,-1348.9617467507699
409,0.00289680168294536,-10790.699318817371,-1348.9617467507699
410,0.0029028912493335723,-10790.699318817371,-1348.9617467507699
411,0.00290899361701882,-10790.699318817371,-1348.9617467507699
412,0.0029151088129115914,-10790.699318817371,-1348.9617467507699
413,0.002921236863978946,-10790.699318817371,-1348.9617467507699
414,0.0029273777972446315,-10790.699318817371,-1348.9617467507699
415,0.0029335316397892043,-10790.699318817371,-1348.9617467507699
416,0.0029396984187501493,-10790.699318817371,-1348.9617467507699
417,0.002945878161321998,-10790.699318817371,-1348.9617467507699
418,0.002952070894756451,-10790.699318817371,-1348.9617467507699
419,0.0029582766463624945,-10790.699318817371,-1348.9617467507699
420,0.0029644954435065246,-4204.602571133585,-676.2200552833352
421,0.0029707273136124653,-4204.602571133585,-676.2200552833352
422,0.0029769722841618902,-4204.602571133585,-676.2200552833352
423,0.002983230382694144,-4204.602571133585,-676.2200552833352
424,0.0029895016368064646,-4204.602571133585,-676.2200552833352
425,0.0029957860741541024,-4204.602571133585,-676.2200552833352
426,0.003002083722450445,-4204.602571133585,-676.2200552833352
427,0.0030083946094671375,-4204.602571133585,-676.2200552833352
428,0.003014718763034206,-4204.602571133585,-676.2200552833352
429,0.003021056211040181,-4204.602571133585,-676.2200552833352
430,0.0030274069814322166,-19.608557691347073,-3.2598660427624497
431,0.00303377110221622,-19.608557691347073,-3.2598660427624497
432,0.003040148601456969,-19.608557691347073,-3.2598660427624497
433,0.0030465395072782403,-19.608557691347073,-3.2598660427624497
434,0.003052943847862929,-19.608557691347073,-3.2598660427624497
435,0.003059361651453178,-19.608557691347073,-3.2598660427624497
436,0.003065792946350498,-19.608557691347073,-3.2598660427624497
437,0.003072237760915895,-19.608557691347073,-3.2598660427624497
438,0.0030786961235699955,-19.608557691347073,-3.2598660427624497
439,0.0030851680627931696,-19.608557691347073,-3.2598660427624497
440,0.0030916536071256585,-19.608557691347073,-3.2598660427624497
441,0.0030981527851677002,-19.608557691347073,-3.2598660427624497
442,0.0031046656255796544,-19.608557691347073,-3.2598660427624497
443,0.00311119215708213,-19.608557691347073,-3.2598660427624497
444,0.003117732408456112,-19.608557691347073,-3.2598660427624497
445,0.0031242864085430874,-19.608557691347073,-3.2598660427624497
446,0.0031308541862451727,-19.608557691347073,-3.2598660427624497
447,0.003137435770525242,-19.608557691347073,-3.2598660427624497
448,0.0031440311904070545,-19.608557691347073,-3.2598660427624497
449,0.003150640474975381,-19.608557691347073,-3.2598660427624497
450,0.003157263653376135,-19.608557691347073,-3.2598660427624497
451,0.003163900754816498,-19.608557691347073,-3.2598660427624497
452,0.0031705518085650515,-19.608557691347073,-3.2598660427624497
453,0.0031772168439519032,-19.608557691347073,-3.2598660427624497
454,0.003183895890368819,-19.608557691347073,-3.2598660427624497
455,0.0031905889772693495,-19.608557691347073,-3.2598660427624497
456,0.0031972961341689633,-19.608557691347073,-3.2598660427624497
457,0.0032040173906451746,340.45822438193505,63.4550758716296
458,0.0032107527763376746,340.45822438193505,63.4550758716296
459,0.0032175023209484624,340.45822438193505,63.4550758716296
460,0.0032242660542419754,340.45822438193505,63.4550758716296
461,0.0032310440060452214,340.45822438193505,63.4550758716296
462,0.003237836206247909,340.45822438193505,63.4550758716296
463,0.0032446426848025804,3833.6216059144344,1220.3181768922364
464,0.003251463471724743,3833.6216059144344,1220.3181768922364
465,0.0032582985970930015,3833.6216059144344,1220.3181768922364
466,0.003265148091049192,3833.6216059144344,1220.3181768922364
467,0.0032720119837985127,3833.6216059144344,1220.3181768922364
468,0.0032788903056096583,3833.6216059144344,1220.3181768922364
469,0.003285783086814954,3833.6216059144344,1220.3181768922364
470,0.0032926903578104887,3833.6216059144344,1220.3181768922364
471,0.0032996121490562486,3833.6216059144344,1220.3181768922364
472,0.0033065484910762516,3833.6216059144344,1220.3181768922364
473,0.003313499414458683,3833.6216059144344,1220.3181768922364
474,0.0033204649498560293,3833.6216059144344,1220.3181768922364
475,0.0033274451279852136,3833.6216059144344,1220.3181768922364
476,0.0033344399796277316,3833.6216059144344,1220.3181768922364
477,0.0033414495356297864,3833.6216059144344,1220.3181768922364
478,0.0033484738269024253,3833.6216059144344,1220.3181768922364
479,0.0033555128844216754,4305.635871601077,1951.2697730757513
480,0.0033625667392286813,4305.635871601077,1951.2697730757513
481,0.003369635422429841,5303.603855813735,2672.5053141927315
482,0.0033767189651969435,5303.603855813735,2672.5053141927315
483,0.003383817398767306,5303.603855813735,2672.5053141927315
484,0.0033909307544439118,5303.603855813735,2672.5053141927315
485,0.0033980590635955487,5303.603855813735,2672.5053141927315
486,0.0034052023576569466,5303.603855813735,2672.5053141927315
487,0.003412360668128917,5303.603855813735,2672.5053141927315
488,0.0034195340265784904,5303.603855813735,2672.5053141927315
489,0.003426722464639058,5303.603855813735,2672.5053141927315
490,0.003433926014010508,5303.603855813735,2672.5053141927315
491,0.003441144706459369,5303.603855813735,2672.5053141927315
492,0.0034483785738189474,5303.603855813735,2672.5053141927315
493,0.0034556276479894674,5303.603855813735,2672.5053141927315
494,0.003462891960938215,5303.603855813735,2672.5053141927315
495,0.003470171544699675,5303.603855813735,2672.5053141927315
496,0.0034774664313756754,5303.603855813735,2672.5053141927315
497,0.0034847766531355268,5303.603855813735,2672.5053141927315
498,0.0034921022422161655,5303.603855813735,2672.5053141927315
499,0.0034994432309222953,5303.603855813735,2672.5053141927315
500,0.00350679965162653,5303.603855813735,2672.5053141927315
501,0.003514171536769536,5303.603855813735,2672.5053141927315
502,0.0035215589188601747,5303.603855813735,2672.5053141927315
503,0.0035289618304756485,5303.603855813735,2672.5053141927315
504,0.0035363803042616406,5303.603855813735,2672.5053141927315
505,0.003543814372932462,5303.603855813735,2672.5053141927315
506,0.003551264069271195,5303.603855813735,2672.5053141927315
507,0.003558729426129836,5303.603855813735,2672.5053141927315
508,0.0035662104764294434,5303.603855813735,2672.5053141927315
509,0.0035737072531602807,5303.603855813735,2672.5053141927315
510,0.003581219789381962,5303.603855813735,2672.5053141927315
511,0.0035887481182235994,5303.603855813735,2672.5053141927315
512,0.0035962922728839464,5303.603855813735,2672.5053141927315
513,0.0036038522866315478,5303.603855813735,2672.5053141927315
514,0.0036114281928048826,5303.603855813735,2672.5053141927315
515,0.0036190200248125146,5303.603855813735,2672.5053141927315
516,0.003626627816133237,5303.603855813735,2672.5053141927315
517,0.0036342516003162206,5303.603855813735,2672.5053141927315
518,0.003641891410981164,5303.603855813735,2672.5053141927315
519,0.0036495472818184388,5303.603855813735,2672.5053141927315
520,0.0036572192465892392,5303.603855813735,2672.5053141927315
521,0.003664907339125732,5303.603855813735,2672.5053141927315
522,0.003672611593331205,5303.603855813735,2672.5053141927315
523,0.003680332043180215,5303.603855813735,2672.5053141927315
524,0.003688068722718741,5119.123960634887,2599.711783627755
525,0.0036958216660643306,5119.123960634887,2599.711783627755
526,0.003703590907406254,5119.123960634887,2599.711783627755
527,0.0037113764810056513,5119.123960634887,2599.711783627755
528,0.0037191784211956865,5119.123960634887,2599.711783627755
529,0.0037269967623816975,5119.123960634887,2599.711783627755
530,0.0037348315390413472,5119.123960634887,2599.711783627755
531,0.003742682785724778,5119.123960634887,2599.711783627755
532,0.0037505505370547605,5119.123960634887,2599.711783627755
533,0.0037584348277268503,5119.123960634887,2599.711783627755
534,0.0037663356925095376,5119.123960634887,2599.711783627755
535,0.0037742531662444015,5119.123960634887,2599.711783627755
536,0.0037821872838462653,5119.123960634887,2599.711783627755
537,0.003790138080303348,5119.123960634887,2599.711783627755
538,0.0037981055906774206,5119.123960634887,2599.711783627755
539,0.0038060898501039594,5119.123960634887,2599.711783627755
540,0.0038140908937923015,5119.123960634887,2599.711783627755
541,0.0038221087570258,5119.123960634887,2599.711783627755
542,0.003830143475161979,5119.123960634887,2599.711783627755
543,0.0038381950836326915,3419.5949486304658,1922.7705631993815
544,0.0038462636179442725,3419.5949486304658,1922.7705631993815
545,0.0038543491136776987,3419.5949486304658,1922.7705631993815
546,0.0038624516064887436,3419.5949486304658,1922.7705631993815
547,0.0038705711321081345,3419.5949486304658,1922.7705631993815
548,0.003878707726341712,3419.5949486304658,1922.7705631993815
549,0.0038868614250705848,3419.5949486304658,1922.7705631993815
550,0.003895032264251292,3419.5949486304658,1922.7705631993815
551,0.003903220279915958,3419.5949486304658,1922.7705631993815
552,0.0039114255081724525,3419.5949486304658,1922.7705631993815
553,0.003919647985204551,3419.5949486304658,1922.7705631993815
554,0.003927887747272093,3419.5949486304658,1922.7705631993815
555,0.003936144830711142,3419.5949486304658,1922.7705631993815
556,0.003944419271934147,3419.5949486304658,1922.7705631993815
557,0.0039527111074301015,3419.5949486304658,1922.7705631993815
558,0.003961020373764705,3419.5949486304658,1922.7705631993815
559,0.003969347107580523,3419.5949486304658,1922.7705631993815
560,0.003977691345597153,2708.2794194785333,1816.75526697387
561,0.00398605312461138,2159.5221379632326,1584.8747428859474
562,0.003994432481497345,2159.5221379632326,1584.8747428859474
563,0.004002829453206702,2159.5221379632326,1584.8747428859474
564,0.004011244076768784,2159.5221379632326,1584.8747428859474
565,0.004019676389290769,2159.5221379632326,1584.8747428859474
566,0.004028126427957837,2159.5221379632326,1584.8747428859474
567,0.004036594230033338,2159.5221379632326,1584.8747428859474
568,0.004045079832858958,2159.5221379632326,1584.8747428859474
569,0.00405358327385488,2159.5221379632326,1584.8747428859474
570,0.00406210459051995,2159.5221379632326,1584.8747428859474
571,0.0040706438204318445,2159.5221379632326,1584.8747428859474
572,0.0040792010012472325,2159.5221379632326,1584.8747428859474
573,0.004087776170701947,2159.5221379632326,1584.8747428859474
574,0.004096369366611143,2159.5221379632326,1584.8747428859474
575,0.004104980626869476,2159.5221379632326,1584.8747428859474
576,0.004113609989451256,2159.5221379632326,1584.8747428859474
577,0.004122257492410625,997.5718402308348,756.1498571273125
578,0.004130923173881721,997.5718402308348,756.1498571273125
579,0.004139607072078846,997.5718402308348,756.1498571273125
580,0.004148309225296634,997.5718402308348,756.1498571273125
581,0.004157029671910222,997.5718402308348,756.1498571273125
582,0.004165768450375418,997.5718402308348,756.1498571273125
583,0.004174525599228869,997.5718402308348,756.1498571273125
584,0.004183301157088234,997.5718402308348,756.1498571273125
585,0.004192095162652355,997.5718402308348,756.1498571273125
586,0.00420090765470142,997.5718402308348,756.1498571273125
587,0.004209738672097144,997.5718402308348,756.1498571273125
588,0.004218588253782934,997.5718402308348,756.1498571273125
589,0.004227456438784064,997.5718402308348,756.1498571273125
590,0.004236343266207843,1118.2204362712769,885.1082258785422
591,0.004245248775243795,1118.2204362712769,885.1082258785422
592,0.004254173005163821,1118.2204362712769,885.1082258785422
593,0.004263115995322382,1166.859390283481,968.6948737164614
594,0.00427207778515667,1166.859390283481,968.6948737164614
595,0.004281058414186775,1166.859390283481,968.6948737164614
596,0.004290057922015871,1166.859390283481,968.6948737164614
597,0.004299076348330381,1166.859390283481,968.6948737164614
598,0.004308113732900156,1166.859390283481,968.6948737164614
599,0.004317170115578652,1166.859390283481,968.6948737164614
600,0.004326245536303101,1166.859390283481,968.6948737164614
601,0.004335340035094692,1166.859390283481,968.6948737164614
602,0.004344453652058744,1166.859390283481,968.6948737164614
603,0.004353586427384883,1166.859390283481,968.6948737164614
604,0.004362738401347223,1166.859390283481,968.6948737164614
605,0.004371909614304541,1166.859390283481,968.6948737164614
606,0.004381100106700451,1166.859390283481,968.6948737164614
607,0.004390309919063591,1166.859390283481,968.6948737164614
608,0.0043995390920077955,619.1531515865771,554.0537833171961
609,0.004408787666232274,619.1531515865771,554.0537833171961
610,0.004418055682521797,619.1531515865771,554.0537833171961
611,0.004427343181746865,619.1531515865771,554.0537833171961
612,0.004436650204863903,619.1531515865771,554.0537833171961
613,0.004445976792915428,619.1531515865771,554.0537833171961
614,0.004455322987030236,619.1531515865771,554.0537833171961
615,0.004464688828423583,619.1531515865771,554.0537833171961
616,0.004474074358397368,619.1531515865771,554.0537833171961
617,0.0044834796183403115,619.1531515865771,554.0537833171961
618,0.004492904649728142,619.1531515865771,554.0537833171961
619,0.004502349494123775,619.1531515865771,554.0537833171961
620,0.0045118141931774994,619.1531515865771,554.0537833171961
621,0.00452129878862716,619.1531515865771,554.0537833171961
622,0.004530803322298341,355.8631485106082,319.91911793242355
623,0.004540327836104551,355.8631485106082,319.91911793242355
624,0.004549872372047411,355.8631485106082,319.91911793242355
625,0.0045594369722168305,355.8631485106082,319.91911793242355
626,0.004569021678791204,355.8631485106082,319.91911793242355
627,0.004578626534037591,355.8631485106082,319.91911793242355
628,0.0045882515803119025,355.8631485106082,319.91911793242355
629,0.004597896860059089,355.8631485106082,319.91911793242355
630,0.004607562415813328,355.8631485106082,319.91911793242355
631,0.004617248290198211,355.8631485106082,319.91911793242355
632,0.004626954525926931,355.8631485106082,319.91911793242355
633,0.004636681165802472,355.8631485106082,319.91911793242355
634,0.0046464282527177965,355.8631485106082,319.91911793242355
635,0.004656195829656036,355.8631485106082,319.91911793242355
636,0.004665983939690679,355.8631485106082,319.91911793242355
637,0.004675792625985761,355.8631485106082,319.91911793242355
638,0.004685621931796058,355.8631485106082,319.91911793242355
639,0.004695471900467273,355.8631485106082,319.91911793242355
640,0.00470534257543623,375.8558451002344,350.03293516145015
641,0.004715234000231063,375.8558451002344,350.03293516145015
642,0.0047251462184714115,375.8558451002344,350.03293516145015
643,0.004735079273868609,375.8558451002344,350.03293516145015
644,0.0047450332102258784,375.8558451002344,350.03293516145015
645,0.004755008071438525,375.8558451002344,350.03293516145015
646,0.00476500390149413,375.8558451002344,350.03293516145015
647,0.00477502074447274,375.8558451002344,350.03293516145015
648,0.00478505864454707,605.2309916734018,586.7112513763243
649,0.004795117645982692,605.2309916734018,586.7112513763243
650,0.004805197793138229,605.2309916734018,586.7112513763243
651,0.004815299130465559,605.2309916734018,586.7112513763243
652,0.004825421702509999,605.2309916734018,586.7112513763243
653,0.004835565553910512,605.2309916734018,586.7112513763243
654,0.0048457307293998985,605.2309916734018,586.7112513763243
655,0.004855917273804995,605.2309916734018,586.7112513763243
656,0.004866125232046871,605.2309916734018,586.7112513763243
657,0.004876354649141028,605.2309916734018,586.7112513763243
658,0.004886605570197597,605.2309916734018,586.7112513763243
659,0.004896878040421541,605.2309916734018,586.7112513763243
660,0.004907172105112848,605.2309916734018,586.7112513763243
661,0.004917487809666735,15.471144610502503,17.019112097494556
662,0.004927825199573848,15.471144610502503,17.019112097494556
663,0.004938184320420464,15.471144610502503,17.019112097494556
664,0.004948565217888686,15.471144610502503,17.019112097494556
665,0.004958967937756651,15.471144610502503,17.019112097494556
666,0.0049693925258987295,15.471144610502503,17.019112097494556
667,0.004979839028285726,15.471144610502503,17.019112097494556
668,0.004990307490985086,15.471144610502503,17.019112097494556
669,0.005000797960161094,15.471144610502503,17.019112097494556
670,0.005011310482075081,15.471144610502503,17.019112097494556
671,0.0050218451030856264,15.471144610502503,17.019112097494556
672,0.005032401869648763,-313.7800446343669,-385.55061659181973
673,0.005042980828318185,-313.7800446343669,-385.55061659181973
674,0.005053582025745446,-313.7800446343669,-385.55061659181973
675,0.0050642055086801705,-313.7800446343669,-385.55061659181973
676,0.00507485132397026,-313.7800446343669,-385.55061659181973
677,0.005085519518562098,-313.7800446343669,-385.55061659181973
678,0.005096210139500755,-313.7800446343669,-385.55061659181973
679,0.0051069232339302,-313.7800446343669,-385.55061659181973
680,0.005117658849093507,-230.54678455538013,-303.72448680724114
681,0.005128417032333062,-230.54678455538013,-303.72448680724114
682,0.005139197831090772,-230.54678455538013,-303.72448680724114
683,0.005150001292908276,-154.77923676786705,-209.6515791998103
684,0.005160827465427155,-154.77923676786705,-209.6515791998103
685,0.005171676396389137,-154.77923676786705,-209.6515791998103
686,0.005182548133636313,-154.77923676786705,-209.6515791998103
687,0.005193442725111348,-154.77923676786705,-209.6515791998103
688,0.005204360218857689,-154.77923676786705,-209.6515791998103
689,0.005215300663019775,-154.77923676786705,-209.6515791998103
690,0.005226264105843261,-154.77923676786705,-209.6515791998103
691,0.005237250595675213,-154.77923676786705,-209.6515791998103
692,0.005248260180964338,-154.77923676786705,-209.6515791998103
693,0.005259292910261187,-154.77923676786705,-209.6515791998103
694,0.005270348832218373,-154.77923676786705,-209.6515791998103
695,0.005281427995590785,-154.77923676786705,-209.6515791998103
696,0.005292530449235804,-154.77923676786705,-209.6515791998103
697,0.005303656242113515,-318.2319566022725,-498.0464118207636
698,0.005314805423286929,-318.2319566022725,-498.0464118207636
699,0.005325978041922191,-318.2319566022725,-498.0464118207636
700,0.005337174147288806,-318.2319566022725,-498.0464118207636
701,0.005348393788759851,-318.2319566022725,-498.0464118207636
702,0.0053596370158121905,-318.2319566022725,-498.0464118207636
703,0.0053709038780267015,-318.2319566022725,-498.0464118207636
704,0.005382194425088491,-276.4803408703884,-460.9871504106533
705,0.005393508706787098,-276.4803408703884,-460.9871504106533
706,0.005404846773016742,-276.4803408703884,-460.9871504106533
707,0.0054162086737765255,-276.4803408703884,-460.9871504106533
708,0.005427594459170656,-276.4803408703884,-460.9871504106533
709,0.00543900417940867,-276.4803408703884,-460.9871504106533
710,0.00545043788480565,-276.4803408703884,-460.9871504106533
711,0.005461895625782451,-276.4803408703884,-460.9871504106533
712,0.0054733774528659225,-276.4803408703884,-460.9871504106533
713,0.005484883416689128,-428.68456427007317,-727.8386674053974
714,0.005496413567991572,-255.38541212377197,-454.6974672998588
715,0.0055079679576194186,-255.38541212377197,-454.6974672998588
716,0.005519546636525724,-255.38541212377197,-454.6974672998588
717,0.005531149655770653,-255.38541212377197,-454.6974672998588
718,0.005542777066521707,-255.38541212377197,-454.6974672998588
719,0.005554428920053953,-255.38541212377197,-454.6974672998588
720,0.005566105267750246,-255.38541212377197,-454.6974672998588
721,0.005577806161101454,-255.38541212377197,-454.6974672998588
722,0.005589531651706689,-255.38541212377197,-454.6974672998588
723,0.005601281791273534,-255.38541212377197,-454.6974672998588
724,0.005613056631618271,-255.38541212377197,-454.6974672998588
725,0.0056248562246661036,-255.38541212377197,-454.6974672998588
726,0.005636680622451397,-255.38541212377197,-454.6974672998588
727,0.005648529877117898,-255.38541212377197,-454.6974672998588
728,0.005660404040918968,-259.79825449951016,-466.1141344579782
729,0.005672303166217816,-259.79825449951016,-466.1141344579782
730,0.005684227305487725,-259.79825449951016,-466.1141344579782
731,0.005696176511312288,-259.79825449951016,-466.1141344579782
732,0.005708150836385637,-259.79825449951016,-466.1141344579782
733,0.005720150333512674,-106.36552192954612,-192.4646635294827
734,0.005732175055609308,73.54829548385165,143.39012459423256
735,0.005744225055702685,73.54829548385165,143.39012459423256
736,0.005756300386931424,73.54829548385165,143.39012459423256
737,0.00576840110254585,73.54829548385165,143.39012459423256
738,0.0057805272559082275,73.54829548385165,143.39012459423256
739,0.0057926789004929995,73.54829548385165,143.39012459423256
740,0.005804856089887022,73.54829548385165,143.39012459423256
741,0.005817058877789797,73.54829548385165,143.39012459423256
742,0.005829287318013714,712.8504817466088,1615.2675985021638
743,0.005841541464484285,712.8504817466088,1615.2675985021638
744,0.005853821371240381,712.8504817466088,1615.2675985021638
745,0.005866127092434473,712.8504817466088,1615.2675985021638
746,0.00587845868233287,712.8504817466088,1615.2675985021638
747,0.005890816195315959,712.8504817466088,1615.2675985021638
748,0.00590319968587844,712.8504817466088,1615.2675985021638
749,0.005915609208629572,712.8504817466088,1615.2675985021638
750,0.005928044818293414,712.8504817466088,1615.2675985021638
751,0.005940506569709062,651.3328104869943,1542.4425072909194
752,0.005952994517830892,651.3328104869943,1542.4425072909194
753,0.005965508717728807,651.3328104869943,1542.4425072909194
754,0.005978049224588473,651.3328104869943,1542.4425072909194
755,0.005990616093711567,651.3328104869943,1542.4425072909194
756,0.006003209380516018,651.3328104869943,1542.4425072909194
757,0.006015829140536256,651.3328104869943,1542.4425072909194
758,0.006028475429423449,651.3328104869943,1542.4425072909194
759,0.006041148302945759,709.392535821113,1747.067291243481
760,0.006053847816988577,709.392535821113,1747.067291243481
761,0.006066574027554777,709.392535821113,1747.067291243481
762,0.00607932699076496,709.392535821113,1747.067291243481
763,0.006092106762857702,709.392535821113,1747.067291243481
764,0.006104913400189802,709.392535821113,1747.067291243481
765,0.006117746959236531,709.392535821113,1747.067291243481
766,0.0061306074965918785,709.392535821113,1747.067291243481
767,0.006143495068968808,523.7418306425673,1316.3489247647728
768,0.006156409733199498,523.7418306425673,1316.3489247647728
769,0.006169351546235604,523.7418306425673,1316.3489247647728
770,0.006182320565148497,523.7418306425673,1316.3489247647728
771,0.006195316847129528,523.7418306425673,1316.3489247647728
772,0.0062083404494902685,523.7418306425673,1316.3489247647728
773,0.006221391429662771,523.7418306425673,1316.3489247647728
774,0.006234469845199822,523.7418306425673,1316.3489247647728
775,0.006247575753775189,531.6714733582185,1366.6357108818045
776,0.006260709213183883,531.6714733582185,1366.6357108818045
777,0.006273870281342408,531.6714733582185,1366.6357108818045
778,0.00628705901628902,86.84445951063607,244.07279099092986
779,0.0063002754761839795,86.84445951063607,244.07279099092986
780,0.0063135197193098114,86.84445951063607,244.07279099092986
781,0.006326791804071559,86.84445951063607,244.07279099092986
782,0.006340091788997043,123.27989843862665,362.21741482205044
783,0.00635341973273712,123.27989843862665,362.21741482205044
784,0.006366775694065941,123.27989843862665,362.21741482205044
785,0.006380159731881207,123.27989843862665,362.21741482205044
786,0.006393571905204438,123.27989843862665,362.21741482205044
787,0.006407012273181221,123.27989843862665,362.21741482205044
788,0.006420480895081481,123.27989843862665,362.21741482205044
789,0.0064339778302997365,362.00428708826036,1083.463460394299
790,0.006447503138355364,362.00428708826036,1083.463460394299
791,0.006461056878892859,362.00428708826036,1083.463460394299
792,0.006474639111682101,362.00428708826036,1083.463460394299
793,0.006488249896618616,362.00428708826036,1083.463460394299
794,0.006501889293723839,362.00428708826036,1083.463460394299
795,0.006515557363145381,362.00428708826036,1083.463460394299
796,0.006529254165157294,362.00428708826036,1083.463460394299
797,0.006542979760160335,372.80916307495886,1136.2958497633558
798,0.0065567342086822345,372.80916307495886,1136.2958497633558
799,0.006570517571377963,372.80916307495886,1136.2958497633558
800,0.006584329909029997,698.5636071180352,2230.320056123517
801,0.006598171282548588,698.5636071180352,2230.320056123517
802,0.006612041752972031,698.5636071180352,2230.320056123517
803,0.006625941381466935,698.5636071180352,2230.320056123517
804,0.006639870229328491,641.0019104741308,2158.1471614947673
805,0.006653828357980742,641.0019104741308,2158.1471614947673
806,0.0066678158289768565,641.0019104741308,2158.1471614947673
807,0.006681832703999396,641.0019104741308,2158.1471614947673
808,0.006695879044860589,641.0019104741308,2158.1471614947673
809,0.006709954913502608,641.0019104741308,2158.1471614947673
810,0.006724060371997833,635.0256957600167,2180.721099137214
811,0.006738195482549134,514.5483650940364,1820.1053476483478
812,0.006752360307490141,514.5483650940364,1820.1053476483478
813,0.0067665549092855186,514.5483650940364,1820.1053476483478
814,0.006780779350531245,514.5483650940364,1820.1053476483478
815,0.006795033693954884,514.5483650940364,1820.1053476483478
816,0.0068093180024158635,514.5483650940364,1820.1053476483478
817,0.006823632338905754,449.3420958971519,1614.9830192652655
818,0.0068379767665485425,449.3420958971519,1614.9830192652655
819,0.006852351348600915,223.175666060364,848.2220897950177
820,0.006866756148452534,223.175666060364,848.2220897950177
821,0.006881191229626316,223.175666060364,848.2220897950177
822,0.006895656655778716,223.175666060364,848.2220897950177
823,0.0069101524907000025,223.175666060364,848.2220897950177
824,0.006924678798314545,160.09115960360248,613.883036259412
825,0.00693923564268109,160.09115960360248,613.883036259412
826,0.006953823087993048,160.09115960360248,613.883036259412
827,0.0069684411985787755,160.09115960360248,613.883036259412
828,0.0069830900389018565,160.09115960360248,613.883036259412
829,0.006997769673561388,228.99710654964687,956.5908932035684
830,0.007012480167292268,95.86157661861836,416.7551362895605
831,0.0070272215849654755,95.86157661861836,416.7551362895605
832,0.00704199399158836,95.86157661861836,416.7551362895605
833,0.007056797452304927,95.86157661861836,416.7551362895605
834,0.007071632032396128,95.86157661861836,416.7551362895605
835,0.007086497797280143,95.86157661861836,416.7551362895605
836,0.007101394812512673,31.360997642767448,140.28211975184274
837,0.0071163231437872294,31.360997642767448,140.28211975184274
838,0.007131282856935422,31.360997642767448,140.28211975184274
839,0.007146274017927248,31.360997642767448,140.28211975184274
840,0.007161296692871387,31.360997642767448,140.28211975184274
841,0.00717635094801549,31.360997642767448,140.28211975184274
842,0.007191436849746469,31.360997642767448,140.28211975184274
843,0.007206554464590796,31.360997642767448,140.28211975184274
844,0.007221703859214792,31.360997642767448,140.28211975184274
845,0.007236885100424919,31.360997642767448,140.28211975184274
846,0.007252098255168081,82.20749096898044,374.1461067072728
847,0.007267343390531915,82.20749096898044,374.1461067072728
848,0.007282620573745086,111.67911456322679,510.5413357530149
849,0.007297929872177587,111.67911456322679,510.5413357530149
850,0.0073132713533410314,111.67911456322679,510.5413357530149
851,0.007328645084888957,111.67911456322679,510.5413357530149
852,0.007344051134617118,111.67911456322679,510.5413357530149
853,0.007359489570463787,111.67911456322679,510.5413357530149
854,0.007374960460510056,-35.29418143558984,-166.06878262193445
855,0.007390463872980133,-35.29418143558984,-166.06878262193445
856,0.007405999876241646,-35.29418143558984,-166.06878262193445
857,0.007421568538805943,-35.29418143558984,-166.06878262193445
858,0.007437169929328395,-35.29418143558984,-166.06878262193445
859,0.007452804116608697,-6.3808451364954255,-31.146808987860993
860,0.007468471169591173,-6.3808451364954255,-31.146808987860993
861,0.007484171157365079,-6.3808451364954255,-31.146808987860993
862,0.00749990414916491,55.15712831730932,277.11120238018407
863,0.007515670214370703,55.15712831730932,277.11120238018407
864,0.007531469422508343,55.15712831730932,277.11120238018407
865,0.00754730184324987,64.26209765848051,330.38456305155773
866,0.007563167546413787,64.26209765848051,330.38456305155773
867,0.007579066601965367,64.26209765848051,330.38456305155773
868,0.007594999080016962,64.26209765848051,330.38456305155773
869,0.007610965050828311,101.32220986345516,542.5169843284966
870,0.007626964584806853,88.49956986421566,478.58684880578573
871,0.007642997752508034,88.49956986421566,478.58684880578573
872,0.007659064624635618,88.49956986421566,478.58684880578573
873,0.007675165272042002,88.49956986421566,478.58684880578573
874,0.007691299765728529,88.49956986421566,478.58684880578573
875,0.0077074681768457935,118.77315357912349,667.6659052021271
876,0.0077236705766939645,118.77315357912349,667.6659052021271
877,0.007739907036723094,118.77315357912349,667.6659052021271
878,0.007756177628533436,118.77315357912349,667.6659052021271
879,0.007772482423875759,118.77315357912349,667.6659052021271
880,0.007788821494651663,118.77315357912349,667.6659052021271
881,0.0078051949129138995,105.93519656749638,613.4050192152375
882,0.007821602750866685,84.1382631377262,571.573270155928
883,0.007838045080866024,53.330629311197676,386.5028058376863
884,0.007854521975420022,53.330629311197676,386.5028058376863
885,0.00787103350718921,53.330629311197676,386.5028058376863
886,0.007887579748986866,53.330629311197676,386.5028058376863
887,0.007904160773779333,53.330629311197676,386.5028058376863
888,0.007920776654686337,53.330629311197676,386.5028058376863
889,0.007937427464981321,53.330629311197676,386.5028058376863
890,0.007954113278091757,-14.10220436887105,-104.99740281597587
891,0.007970834167599474,-20.147734342449883,-153.35216940413403
892,0.007987590207240984,-20.147734342449883,-153.35216940413403
893,0.008004381470907805,-20.147734342449883,-153.35216940413403
894,0.008021208032646788,-20.147734342449883,-153.35216940413403
895,0.008038069966660441,43.87785082177535,340.11051593683993
896,0.00805496734730726,43.87785082177535,340.11051593683993
897,0.008071900249102055,43.87785082177535,340.11051593683993
898,0.008088868746716276,43.87785082177535,340.11051593683993
899,0.008105872914978352,43.87785082177535,340.11051593683993
900,0.008122912828874004,37.205223853058435,291.40619041275863
901,0.008139988563546594,37.205223853058435,291.40619041275863
902,0.008157100194297445,37.205223853058435,291.40619041275863
903,0.008174247796586176,0.5354086661750246,4.244770791783116
904,0.008191431446031034,0.5354086661750246,4.244770791783116
905,0.00820865121840923,-12.044422457573898,-98.13449993349693
906,0.008225907189657272,-12.044422457573898,-98.13449993349693
907,0.008243199435871295,-12.044422457573898,-98.13449993349693
908,0.008260528033307407,-12.044422457573898,-98.13449993349693
909,0.008277893058382016,20.595280136712034,174.48711937658712
910,0.008295294587672168,20.595280136712034,174.48711937658712
911,0.008312732697915892,20.595280136712034,174.48711937658712
912,0.00833020746601253,20.595280136712034,174.48711937658712
913,0.00834771896902308,20.595280136712034,174.48711937658712
914,0.008365267284170535,73.58117883700041,641.2108606705452
915,0.008382852488840225,14.695435538497168,130.9216813647896
916,0.008400474660580155,14.695435538497168,130.9216813647896
917,0.008418133877101351,14.695435538497168,130.9216813647896
918,0.0084358302162782,-3.672305923766909,-33.90070862597902
919,0.008453563756148792,-3.672305923766909,-33.90070862597902
920,0.00847133457491527,-3.672305923766909,-33.90070862597902
921,0.008489142750944171,65.19450183718618,616.926352832003
922,0.008506988362766766,65.19450183718618,616.926352832003
923,0.00852487148907942,65.19450183718618,616.926352832003
924,0.008542792208743922,65.19450183718618,616.926352832003
925,0.008560750600787852,65.19450183718618,616.926352832003
926,0.008578746744404911,65.19450183718618,616.926352832003
927,0.008596780718955284,49.98125521770905,488.15598490647926
928,0.00861485260396598,49.98125521770905,488.15598490647926
929,0.00863296247913119,49.98125521770905,488.15598490647926
930,0.008651110424312637,49.98125521770905,488.15598490647926
931,0.008669296519539923,9.08009167036339,91.34175228598046
932,0.008687520845010888,9.08009167036339,91.34175228598046
933,0.008705783481091961,-32.13593206943089,-324.7424547519574
934,0.008724084508318516,-32.13593206943089,-324.7424547519574
935,0.008742424007395222,-32.13593206943089,-324.7424547519574
936,0.008760802059196408,-3.9496164312789928,-40.75920570331261
937,0.008779218744766412,-3.9496164312789928,-40.75920570331261
938,0.00879767414531994,69.62557675351516,751.4532148798141
939,0.008816168342242428,69.62557675351516,751.4532148798141
940,0.008834701417090394,53.306728160347234,573.6923039956584
941,0.008853273451591804,53.306728160347234,573.6923039956584
942,0.008871884527646428,53.306728160347234,573.6923039956584
943,0.00889053472732621,53.306728160347234,573.6923039956584
944,0.008909224132875612,61.91017089862328,674.3720004086375
945,0.008927952826711997,61.91017089862328,674.3720004086375
946,0.008946720891425978,61.91017089862328,674.3720004086375
947,0.00896552840978179,61.91017089862328,674.3720004086375
948,0.008984375464717653,44.29565037984777,492.81367065686123
949,0.009003262139346133,46.95102557687325,526.7695210280888
950,0.009022188516954516,46.95102557687325,526.7695210280888
951,0.009041154681005173,27.7020052500096,311.2523026364495
952,0.009060160715135924,27.7020052500096,311.2523026364495
953,0.009079206703160411,27.7020052500096,311.2523026364495
954,0.009098292729068468,14.675557562133491,173.95856981346012
955,0.009117418877026487,14.675557562133491,173.95856981346012
956,0.009136585231377793,14.675557562133491,173.95856981346012
957,0.009155791876643017,14.675557562133491,173.95856981346012
958,0.009175038897520462,14.675557562133491,173.95856981346012
959,0.009194326378886489,-4.212812274842351,-51.31573443239865
960,0.009213654405795873,-4.212812274842351,-51.31573443239865
961,0.009233023063482199,-4.212812274842351,-51.31573443239865
962,0.009252432437358217,-4.212812274842351,-51.31573443239865
963,0.009271882613016239,-12.026171512445334,-149.32253047321177
964,0.0092913736762285,5.125580207323494,64.0538708568888
965,0.009310905712947546,5.125580207323494,64.0538708568888
966,0.009330478809306606,-6.364404248495976,-83.12363242975964
967,0.00935009305161998,-6.364404248495976,-83.12363242975964
968,0.009369748526383411,6.243364198750288,82.9719654034485
969,0.009389445320274477,6.243364198750288,82.9719654034485
970,0.009409183520152959,-9.792977974715734,-132.41770666278666
971,0.009428963213061237,-9.792977974715734,-132.41770666278666
972,0.009448784486224668,-9.792977974715734,-132.41770666278666
973,0.00946864742705197,-34.651026278027494,-480.05348112521375
974,0.009488552123135612,-26.673117673818723,-371.5183937641395
975,0.009508498662252193,-26.673117673818723,-371.5183937641395
976,0.009528487132362835,-26.673117673818723,-371.5183937641395
977,0.00954851762161357,-36.74776341470263,-520.0959588119938
978,0.009568590218335728,-31.937081149288904,-456.5982389451122
979,0.009588705011046325,-31.937081149288904,-456.5982389451122
980,0.009608862088448454,-31.937081149288904,-456.5982389451122
981,0.00962906153943168,-33.970682390088236,-488.6089962057389
982,0.009649303453072426,-33.970682390088236,-488.6089962057389
983,0.009669587918634372,-11.829697885911125,-258.9174358174086
984,0.009689915025568839,-11.829697885911125,-258.9174358174086
985,0.009710284863515198,-11.829697885911125,-258.9174358174086
986,0.00973069752230125,-17.393231515501963,-381.4266137526256
987,0.009751153091943635,-15.255010320199226,-335.56061395480606
988,0.009771651662648219,-15.255010320199226,-335.56061395480606
989,0.009792193324810496,-15.255010320199226,-335.56061395480606
990,0.00981277816901599,-15.255010320199226,-335.56061395480606
991,0.009833406286040647,-38.88174362486837,-908.6586382193286
992,0.009854077766851243,-38.88174362486837,-908.6586382193286
993,0.00987479270260578,-38.88174362486837,-908.6586382193286
994,0.009895551184653888,-42.665010524156244,-1002.8405115971655
995,0.009916353304537232,-83.031021728411,-2015.8468789668675
996,0.00993719915398991,-83.031021728411,-2015.8468789668675
997,0.009958088824938866,-91.12425193997925,-2233.955248018752
998,0.009979022409504282,-91.12425193997925,-2233.955248018752
999,0.01,-93.54143901674674,-2326.1584318545147
